{"status":201,"message":"success","data":{"id":46,"username":"NAROTTAMPUR_4786_45","is_active":false,"first_name":"fahad gg","email":"ffxxxxxafc@gmail.com","gender":"male","phone":"01901334786","picture":"","organization":"","clinic":[{"id":1,"name":"m_clinic"}],"location":{"Division":{"field_name":"CHITTAGONG","geocode":"20"},"District":{"field_name":"NOAKHALI","geocode":"2075"},"Upazila":{"field_name":"KABIRHAT","geocode":"207547"},"Union":[{"geocode":"20754770","field_name":"NAROTTAMPUR"}]}}}